{
  "annual_return": 0.028534246266967767,
  "annual_vol": 0.08891531393741725,
  "sharpe": 0.36081185762661655,
  "max_drawdown": -0.22763365033104424,
  "obs": 6718,
  "cost_bps": 1.5
}