{
  "annual_return": 0.003357860095603682,
  "annual_vol": 0.016187500309534895,
  "sharpe": 0.21519198317889685,
  "max_drawdown": -0.05391111237525482,
  "obs": 6718,
  "cost_bps": 1.5
}