{
  "static_sharpe": 0.6804804387264061,
  "adaptive_sharpe": 0.7788807320161705,
  "improvement": 0.0984002932897644,
  "improvement_pct": 14.460414684943975
}