{
  "sharpe": 0.7788807320161705,
  "annual_return": 0.05049241126534576,
  "annual_vol": 0.06482688451496767,
  "max_drawdown": -0.10693454679751192,
  "obs": 6718,
  "total_return": 2.7179887052190206
}