{
  "signal_stats": {
    "mean": 0.094075617743376,
    "mean_abs": 0.8892527537957725,
    "std": 1.0405092752213574,
    "min": -1.5,
    "max": 1.5,
    "pct_nonzero": 90.11610598392379
  },
  "position_stats": {
    "mean": 0.04456140626607334,
    "mean_abs": 0.47766074494415806,
    "std": 0.605140202321536,
    "min": -1.5645262908021822,
    "max": 1.5057423823261282
  },
  "metrics": {
    "annual_return": 0.04282679405378653,
    "annual_vol": 0.11551086068589685,
    "sharpe": 0.42071156483161704,
    "max_drawdown": -0.2847695468817571,
    "obs": 6718,
    "cost_bps": 3.0,
    "gross_sharpe": 0.4831266074661954,
    "turnover": 630.408802497986
  }
}