{
  "annual_return": 0.04282679405378653,
  "annual_vol": 0.11551086068589685,
  "sharpe": 0.42071156483161704,
  "max_drawdown": -0.2847695468817571,
  "obs": 6718,
  "cost_bps": 3.0,
  "gross_sharpe": 0.4831266074661954,
  "turnover": 630.408802497986
}