{
  "sleeve": "HookCore",
  "version": "v1.2",
  "config": {
    "rsi_window": 3,
    "rsi_thresholds": [
      30.0,
      70.0
    ],
    "volratio_cap": 1.2,
    "cadence": "biweekly",
    "exec": "T",
    "hold_bars": 3,
    "vol_target": 0.1,
    "vol_lookback": 28,
    "leverage_cap": 2.5,
    "cost_bps": 1.5,
    "is_cutoff": "2018-01-01"
  },
  "IS": {
    "sharpe": -0.35072045964698423,
    "dd": -0.37330672534252396,
    "turnover": 0.06589886125377796,
    "trades": 284,
    "avg_hold": 3.0,
    "pct_days": 28.221512247071352,
    "hit": NaN,
    "ann_return": -0.021663364814583086
  },
  "OOS": {
    "sharpe": 0.20862781657747212,
    "dd": -0.20178294484940074,
    "turnover": 0.07150354000992162,
    "trades": 120,
    "avg_hold": 3.0,
    "pct_days": 30.004943153732082,
    "hit": NaN,
    "ann_return": 0.010497308244350467
  },
  "ALL": {
    "sharpe": -0.1813306260326232,
    "dd": -0.43896273789427576,
    "turnover": 0.06758660539246189,
    "trades": 404,
    "avg_hold": 3.0,
    "pct_days": 28.75855909496874,
    "hit": NaN,
    "ann_return": -0.012087999573113462
  }
}