{
  "annual_return": -0.0012127521684534015,
  "annual_vol": 0.03497746112647701,
  "sharpe": -0.01724850255634714,
  "max_drawdown": -0.187206658750823,
  "obs": 6698,
  "cost_bps": 1.5
}