{
  "signal_stats": {
    "mean": 0.09615954922894425,
    "mean_abs": 0.8883896797153024,
    "std": 1.0396121845854722,
    "min": -1.5,
    "max": 1.5,
    "pct_nonzero": 90.12455516014235
  },
  "position_stats": {
    "mean": 0.04601003192755026,
    "mean_abs": 0.47750421176035257,
    "std": 0.6049433776302621,
    "min": -1.5645262908021822,
    "max": 1.5057423823261282
  },
  "metrics": {
    "annual_return": 0.044479971231379034,
    "annual_vol": 0.11585142694095696,
    "sharpe": 0.4334906119275976,
    "max_drawdown": -0.2847695468817571,
    "obs": 6744,
    "cost_bps": 3.0,
    "gross_sharpe": 0.4956357378161083,
    "turnover": 631.8148304243759
  }
}