{
  "annual_return": 0.044479971231379034,
  "annual_vol": 0.11585142694095696,
  "sharpe": 0.4334906119275976,
  "max_drawdown": -0.2847695468817571,
  "obs": 6744,
  "cost_bps": 3.0,
  "gross_sharpe": 0.4956357378161083,
  "turnover": 631.8148304243759
}