{
  "signal_stats": {
    "mean": 0.0644862126829356,
    "mean_abs": 0.335000742994241,
    "std": 0.3731356082031924,
    "min": -0.9333333333333333,
    "max": 0.8666666666666667,
    "pct_nonzero": 99.98517200474495
  },
  "position_stats": {
    "mean": 0.03132031404496711,
    "mean_abs": 0.15808196819597817,
    "std": 0.17362946359795503,
    "min": -0.49402584825543433,
    "max": 0.5214534997016282
  },
  "metrics": {
    "annual_return": 0.025471679058723273,
    "annual_vol": 0.0418609476987759,
    "sharpe": 0.6218172601615808,
    "max_drawdown": -0.09974276060365618,
    "obs": 6744,
    "cost_bps": 1.5
  }
}