{
  "annual_return": 0.025471679058723273,
  "annual_vol": 0.0418609476987759,
  "sharpe": 0.6218172601615808,
  "max_drawdown": -0.09974276060365618,
  "obs": 6744,
  "cost_bps": 1.5
}