{
  "annual_return": 0.033156250562106804,
  "annual_vol": 0.056322380619754225,
  "sharpe": 0.6073085259788659,
  "max_drawdown": -0.14149632259021727,
  "obs": 6744,
  "cost_bps": 1.5
}