{
  "IS": {
    "ann_mu": -0.013731642645478914,
    "ann_vol": 0.06733563653536237,
    "sharpe": -0.20392831124819805,
    "n": 4695
  },
  "OOS": {
    "ann_mu": -0.01695431686036467,
    "ann_vol": 0.07179003560482133,
    "sharpe": -0.23616532179607996,
    "n": 2023
  }
}