{
  "annual_return": -0.0011775379465254199,
  "annual_vol": 0.03164110102110696,
  "sharpe": -0.021338837831444205,
  "max_drawdown": -0.21474751204819262,
  "obs": 6718,
  "cost_bps": 1.5
}