{
  "annual_return": 0.014459789817623081,
  "annual_vol": 0.05450796747389701,
  "sharpe": 0.2906777994142007,
  "max_drawdown": -0.27716619430739464,
  "obs": 6718,
  "cost_bps": 1.5
}