{
  "sharpe": 0.45798277961562234,
  "annual_return": 0.028778627459308502,
  "annual_vol": 0.06283779377788384,
  "max_drawdown": -0.11544820609836581,
  "trades_per_year": 11.987244220037205,
  "obs": 3447,
  "start_date": "316",
  "end_date": "3762"
}