{
  "tightness_score": {
    "mean": 57.75340521339925,
    "median": 56.60274988834566,
    "std": 13.824931921633905,
    "min": 28.41444118155122,
    "max": 94.61995191931526,
    "current": 51.67495537782527
  },
  "component_scores": {
    "lme_micro_mean": 49.038642902272926,
    "global_macro_mean": 66.66809318125772,
    "divergence_adjustment_mean": 0.9972568208778173
  },
  "recent_12m": {
    "mean": 46.20874036056434,
    "current": 51.67495537782527
  },
  "config": {
    "annual_demand_kt": 26000,
    "lme_weight": 0.4,
    "global_weight": 0.6
  }
}