{
  "annual_return": -0.0011499519113158385,
  "annual_vol": 0.03443859586058995,
  "sharpe": -0.016230170929477556,
  "max_drawdown": -0.18733808167656935,
  "obs": 6698,
  "cost_bps": 1.5
}