{
  "annual_return": -0.015893735193532432,
  "annual_vol": 0.038287037310189474,
  "sharpe": -0.3992854678799113,
  "max_drawdown": -0.3713269068558566,
  "obs": 5690,
  "cost_bps": 1.5
}