{
  "static_sharpe": 0.6383361245006919,
  "adaptive_sharpe": 0.7667178952634448,
  "improvement": 0.12838177076275292,
  "improvement_pct": 20.111938810164233
}