{
  "sharpe": 0.7667178952634448,
  "annual_return": 0.05027864988984687,
  "annual_vol": 0.06557646586893748,
  "max_drawdown": -0.11980517856718045,
  "obs": 6718,
  "total_return": 2.697872294915136
}