{
  "IS": {
    "ann_mu": -0.02345970983103698,
    "ann_vol": 0.06865994874132492,
    "sharpe": -0.3416796875194446,
    "n": 4695
  },
  "OOS": {
    "ann_mu": -0.0169543168603,
    "ann_vol": 0.07179003560436258,
    "sharpe": -0.2361653217966883,
    "n": 2023
  }
}