{
  "signal_stats": {
    "mean": 0.09985178597895361,
    "mean_abs": 0.7918630502445533,
    "std": 0.9825847804860742,
    "min": -1.5,
    "max": 1.5,
    "pct_nonzero": 71.60219356751149,
    "pct_long": 40.240106714095155,
    "pct_short": 31.362086853416333
  },
  "targeted_position_stats": {
    "mean": 0.0827705932496082,
    "mean_abs": 0.489633469327226,
    "std": 0.6573655529266069,
    "min": -1.8732419624411514,
    "max": 2.332349060241154
  },
  "realized_vol": 0.12044065495275258,
  "target_vol": 0.1,
  "vol_delta": 0.020440654952752574,
  "strategy_type": "sparse",
  "gross_sharpe": 0.365139333564909,
  "metrics": {
    "annual_return": 0.029401333217640824,
    "annual_vol": 0.12068314585038102,
    "sharpe": 0.243624186380521,
    "max_drawdown": -0.36906550361634427,
    "total_return": 1.1567255612926197,
    "n_years": 26.523809523809526,
    "n_trades": 6746,
    "avg_trade_size": 0.004366762604741783
  },
  "turnover_metrics": {
    "total_turnover": 700.1915864290835,
    "annual_turnover": 26.15210905293153,
    "avg_holding_days": 4.7180758546366555,
    "total_costs": 0.21005747592872503,
    "annual_cost": 0.007845632715879458,
    "cost_as_pct_gross": 0.007162381873934356
  },
  "execution_validation": {
    "vol_in_target": false,
    "no_nan_pnl": true,
    "no_nan_costs": true,
    "costs_positive": true,
    "trades_reasonable": true
  }
}