{
  "signal_stats": {
    "mean": 0.07647611636911138,
    "mean_abs": 0.3877282924926073,
    "std": 0.415490840550529,
    "min": -0.85,
    "max": 0.9,
    "pct_nonzero": 99.98511461744567
  },
  "position_stats": {
    "mean": 0.03790886165280537,
    "mean_abs": 0.18603527390036287,
    "std": 0.20063693062478552,
    "min": -0.57978809599376,
    "max": 0.5430627929144903
  },
  "metrics": {
    "annual_return": 0.022549744468650212,
    "annual_vol": 0.04608219397114803,
    "sharpe": 0.5069608201208425,
    "max_drawdown": -0.13677184506688264,
    "obs": 6718,
    "cost_bps": 1.5
  }
}