{
  "annual_return": 0.022549744468650212,
  "annual_vol": 0.04608219397114803,
  "sharpe": 0.5069608201208425,
  "max_drawdown": -0.13677184506688264,
  "obs": 6718,
  "cost_bps": 1.5
}