{
  "annual_return": 0.014794272596728941,
  "annual_vol": 0.11134189774802467,
  "sharpe": 0.13287246666308425,
  "max_drawdown": -0.3575847047124648,
  "total_return": 0.47628108200283137,
  "n_years": 26.523809523809526,
  "n_trades": 6746,
  "avg_trade_size": 0.004515953000991925,
  "gross_sharpe": 0.27165061838575416,
  "turnover": {
    "total_turnover": 833.0960708466707,
    "annual_turnover": 31.11608268168979,
    "avg_holding_days": 4.132608103554376,
    "total_costs": 0.2499288212540012,
    "annual_cost": 0.009334824804506937,
    "cost_as_pct_gross": 0.008246833324597198
  },
  "vol_targeting": {
    "realized_vol": 0.11105393526925443,
    "target_vol": 0.1,
    "vol_delta": 0.011053935269254425,
    "strategy_type": "always_on"
  }
}