{
  "annual_return": 0.032641064281776044,
  "annual_vol": 0.056197010606397785,
  "sharpe": 0.59966092699839,
  "max_drawdown": -0.14149632259021727,
  "obs": 6718,
  "cost_bps": 1.5
}