{
  "annual_return": 0.014321765395850283,
  "annual_vol": 0.05687963941033754,
  "sharpe": 0.2784602873975616,
  "max_drawdown": -0.17501059150670167,
  "obs": 6718,
  "cost_bps": 1.5
}