{
  "annual_return": 0.00661543921825869,
  "annual_vol": 0.02653942984147194,
  "sharpe": 0.261745946057455,
  "max_drawdown": -0.14933692261274334,
  "obs": 6718,
  "cost_bps": 1.5
}