{
  "signal_stats": {
    "mean": 0.1030976730398696,
    "mean_abs": 0.7908996591077517,
    "std": 0.9812174153380504,
    "min": -1.5,
    "max": 1.5,
    "pct_nonzero": 71.60219356751149,
    "pct_long": 40.240106714095155,
    "pct_short": 31.362086853416333
  },
  "targeted_position_stats": {
    "mean": 0.08677006655251271,
    "mean_abs": 0.49841348407444935,
    "std": 0.6687938162660667,
    "min": -1.8732419624411514,
    "max": 2.332349060241154
  },
  "realized_vol": 0.12197430013930562,
  "target_vol": 0.1,
  "vol_delta": 0.02197430013930561,
  "strategy_type": "sparse",
  "gross_sharpe": 0.35012576760638664,
  "metrics": {
    "annual_return": 0.02745528405502662,
    "annual_vol": 0.12220981101397835,
    "sharpe": 0.22465695533958632,
    "max_drawdown": -0.37638755956087055,
    "total_return": 1.0511513860284696,
    "n_years": 26.523809523809526,
    "n_trades": 6746,
    "avg_trade_size": 0.004430459867719672
  },
  "turnover_metrics": {
    "total_turnover": 738.2146851921946,
    "annual_turnover": 27.572269255733367,
    "avg_holding_days": 4.5553086988168,
    "total_costs": 0.2214644055576584,
    "annual_cost": 0.008271680776720011,
    "cost_as_pct_gross": 0.007442719777074988
  },
  "execution_validation": {
    "vol_in_target": false,
    "no_nan_pnl": true,
    "no_nan_costs": true,
    "costs_positive": true,
    "trades_reasonable": true
  }
}