{
  "annual_return": 0.02745528405502662,
  "annual_vol": 0.12220981101397835,
  "sharpe": 0.22465695533958632,
  "max_drawdown": -0.37638755956087055,
  "total_return": 1.0511513860284696,
  "n_years": 26.523809523809526,
  "n_trades": 6746,
  "avg_trade_size": 0.004430459867719672,
  "gross_sharpe": 0.35012576760638664,
  "turnover": {
    "total_turnover": 738.2146851921946,
    "annual_turnover": 27.572269255733367,
    "avg_holding_days": 4.5553086988168,
    "total_costs": 0.2214644055576584,
    "annual_cost": 0.008271680776720011,
    "cost_as_pct_gross": 0.007442719777074988
  },
  "vol_targeting": {
    "realized_vol": 0.12197430013930562,
    "target_vol": 0.1,
    "vol_delta": 0.02197430013930561,
    "strategy_type": "sparse"
  }
}