{
  "annual_return": 0.03871094594718416,
  "annual_vol": 0.10578429469211766,
  "sharpe": 0.41189506288134903,
  "max_drawdown": -0.2950315942776395,
  "obs": 6718,
  "cost_bps": 1.5
}