{
  "annual_return": 0.0282489372577146,
  "annual_vol": 0.08849929626866519,
  "sharpe": 0.3589623216164025,
  "max_drawdown": -0.22656630179908602,
  "obs": 6718,
  "cost_bps": 1.5
}